{
"width": 2501, "height": 2500,
"format": "jpg",
"pixelSizeInMM": 0.0188499,
"type":"hsh",
"colorspace":"rgb",
"lights": [-0.086, -0.899, 0.409, 0.457, -0.759, 0.457, 0.781, -0.485, 0.388, 0.908, -0.091, 0.399, 0.717, 0.529, 0.436, 0.430, 0.780, 0.430, 0.042, 0.919, 0.372, -0.463, 0.828, 0.302, -0.780, 0.488, 0.385, -0.932, -0.050, 0.346, -0.728, -0.548, 0.391, -0.467, -0.796, 0.364, 0.023, -0.707, 0.696, 0.315, -0.640, 0.694, 0.589, -0.518, 0.614, 0.757, -0.092, 0.640, 0.621, 0.434, 0.641, 0.342, 0.678, 0.637, 0.053, 0.677, 0.723, -0.345, 0.655, 0.664, -0.666, 0.326, 0.662, -0.733, -0.097, 0.663, -0.545, -0.387, 0.733, -0.341, -0.606, 0.705, -0.057, -0.438, 0.886, 0.235, -0.431, 0.861, 0.400, -0.039, 0.906, 0.454, 0.287, 0.832, 0.273, 0.560, 0.771, 0.028, 0.587, 0.798, -0.181, 0.564, 0.796, -0.402, 0.237, 0.875, -0.413, -0.014, 0.901, -0.412, -0.267, 0.860, -0.303, -0.447, 0.831, -0.204, -0.430, 0.870, 0.010, -0.744, 0.656, -0.011, -0.596, 0.793, 0.413, -0.700, 0.575, 0.351, -0.522, 0.770, 0.678, -0.413, 0.601, 0.579, -0.434, 0.683, 0.782, -0.065, 0.612, 0.674, 0.015, 0.731, 0.733, 0.417, 0.523, 0.543, 0.348, 0.754, 0.400, 0.676, 0.604, 0.318, 0.577, 0.740, 0.021, 0.766, 0.630, -0.002, 0.606, 0.785, -0.222, 0.812, 0.529, -0.171, 0.706, 0.677, -0.679, 0.448, 0.575, -0.527, 0.405, 0.739, -0.388, 0.442, 0.799, -0.763, -0.064, 0.634, -0.551, -0.051, 0.822, -0.681, -0.433, 0.579, -0.515, -0.349, 0.772, -0.545, -0.577, 0.594, -0.406, -0.498, 0.755, -0.317, -0.738, 0.580, -0.141, -0.563, 0.805],
"nplanes": 27,
"quality": 95,
"colorProfile": "Adobe RGB 1998",
"materials": [
{
 "scale": [1.17181,0.991277,0.832452,1.00496,0.822735,0.717382,0.808323,0.760335,0.670823,0.807256,0.743918,0.656273,0.325857,0.316834,0.304951,0.391557,0.359033,0.336095,0.559211,0.539708,0.509202,0.337296,0.314086,0.283942,0.326347,0.290806,0.272122],
 "bias": [-0.234104,-0.190464,-0.154132,0.500143,0.503351,0.504319,0.220003,0.23566,0.261549,0.506047,0.514296,0.51312,0.512554,0.515926,0.520831,0.46221,0.487179,0.511656,0.364395,0.373759,0.357772,0.461781,0.469107,0.485758,0.523365,0.562908,0.558358] }
]
}
